{
  "basic_patterns": {
    "test[0-9].js": {
      "fastest": {
        "name": "picomatch: test[0-9].js",
        "hz": 328308.81140562607,
        "mean": 0.000003045912766454807,
        "rme": 3.899852329117601
      },
      "slowest": {
        "name": "micromatch: test[0-9].js",
        "hz": 156529.42301253427,
        "mean": 0.0000063885752643445435,
        "rme": 5.0041044507407095
      },
      "speedup": 2.0974255516123406
    },
    "[a-z]*.txt": {
      "fastest": {
        "name": "picomatch: [a-z]*.txt",
        "hz": 319820.0473175893,
        "mean": 0.0000031267583392199775,
        "rme": 2.7889763551173754
      },
      "slowest": {
        "name": "micromatch: [a-z]*.txt",
        "hz": 158106.1766025154,
        "mean": 0.000006324863591597917,
        "rme": 2.837412515858802
      },
      "speedup": 2.0228181731421433
    },
    "*.js": {
      "fastest": {
        "name": "picomatch: *.js",
        "hz": 922278.9520966889,
        "mean": 0.0000010842706512239293,
        "rme": 4.080367190373955
      },
      "slowest": {
        "name": "micromatch: *.js",
        "hz": 321553.75496014487,
        "mean": 0.000003109899929870032,
        "rme": 3.125332904975972
      },
      "speedup": 2.8681952484460993
    },
    "**/*.js": {
      "fastest": {
        "name": "picomatch: **/*.js",
        "hz": 831665.7926013748,
        "mean": 0.0000012024060733243472,
        "rme": 4.27268345956323
      },
      "slowest": {
        "name": "micromatch: **/*.js",
        "hz": 261608.91001560187,
        "mean": 0.000003822499776251359,
        "rme": 1.620036690157959
      },
      "speedup": 3.179042306134664
    },
    "**/test/**/*.js": {
      "fastest": {
        "name": "picomatch: **/test/**/*.js",
        "hz": 221013.10841506123,
        "mean": 0.000004524618504174903,
        "rme": 3.7247412916909224
      },
      "slowest": {
        "name": "micromatch: **/test/**/*.js",
        "hz": 95389.78000941373,
        "mean": 0.000010483303346556759,
        "rme": 2.843159285962703
      },
      "speedup": 2.3169474590805232
    }
  },
  "large_dataset": {
    "5000_paths_**/test/**/*.js": {
      "fastest": {
        "name": "picomatch: 5000 paths, **/test/**/*.js",
        "hz": 2417.044437147888,
        "mean": 0.0004137284299083884,
        "rme": 1.7445314531385288
      },
      "slowest": {
        "name": "micromatch: 5000 paths, **/test/**/*.js",
        "hz": 95.71774641605899,
        "mean": 0.010447383452314812,
        "rme": 2.7445955440533316
      },
      "speedup": 25.25179005616841
    },
    "100_paths_*.js": {
      "fastest": {
        "name": "picomatch: 100 paths, *.js",
        "hz": 202248.50200179467,
        "mean": 0.0000049444123941700515,
        "rme": 1.5557361182694975
      },
      "slowest": {
        "name": "micromatch: 100 paths, *.js",
        "hz": 17356.008229739098,
        "mean": 0.00005761693511337038,
        "rme": 1.579899616831528
      },
      "speedup": 11.652938816613764
    },
    "1000_paths_**/*.js": {
      "fastest": {
        "name": "picomatch: 1000 paths, **/*.js",
        "hz": 10907.473503547937,
        "mean": 0.00009168025938130625,
        "rme": 1.5113603697950535
      },
      "slowest": {
        "name": "micromatch: 1000 paths, **/*.js",
        "hz": 1264.9743442807196,
        "mean": 0.0007905298668872313,
        "rme": 1.4758670685570403
      },
      "speedup": 8.622683576835753
    },
    "5000_paths_*.js": {
      "fastest": {
        "name": "picomatch: 5000 paths, *.js",
        "hz": 4492.604828306715,
        "mean": 0.00022258801702283374,
        "rme": 1.4657778574942046
      },
      "slowest": {
        "name": "micromatch: 5000 paths, *.js",
        "hz": 344.08155089472103,
        "mean": 0.0029062877605604926,
        "rme": 2.629595671872915
      },
      "speedup": 13.056802425542779
    },
    "5000_paths_**/*.js": {
      "fastest": {
        "name": "picomatch: 5000 paths, **/*.js",
        "hz": 2052.5984442247845,
        "mean": 0.00048718735162915666,
        "rme": 0.8291858375286714
      },
      "slowest": {
        "name": "micromatch: 5000 paths, **/*.js",
        "hz": 249.6376970159935,
        "mean": 0.004005805260797343,
        "rme": 1.7756355984738847
      },
      "speedup": 8.222309646180085
    },
    "100_paths_**/*.js": {
      "fastest": {
        "name": "picomatch: 100 paths, **/*.js",
        "hz": 119086.13746977672,
        "mean": 0.00000839728301922458,
        "rme": 0.9030051574539378
      },
      "slowest": {
        "name": "micromatch: 100 paths, **/*.js",
        "hz": 12590.627076159888,
        "mean": 0.00007942416163635574,
        "rme": 1.6549267426349041
      },
      "speedup": 9.458316631048826
    },
    "100_paths_**/test/**/*.js": {
      "fastest": {
        "name": "picomatch: 100 paths, **/test/**/*.js",
        "hz": 111922.67730809834,
        "mean": 0.000008934739804760222,
        "rme": 0.95366337357898
      },
      "slowest": {
        "name": "micromatch: 100 paths, **/test/**/*.js",
        "hz": 4817.092938861334,
        "mean": 0.00020759408479180811,
        "rme": 1.8325744545721394
      },
      "speedup": 23.234485763223546
    },
    "1000_paths_**/test/**/*.js": {
      "fastest": {
        "name": "picomatch: 1000 paths, **/test/**/*.js",
        "hz": 13086.048153240763,
        "mean": 0.00007641726427182294,
        "rme": 0.9040644293556768
      },
      "slowest": {
        "name": "micromatch: 1000 paths, **/test/**/*.js",
        "hz": 474.50340449696546,
        "mean": 0.002107466438644689,
        "rme": 3.217702972218244
      },
      "speedup": 27.578407297443217
    },
    "1000_paths_*.js": {
      "fastest": {
        "name": "picomatch: 1000 paths, *.js",
        "hz": 22929.463298143808,
        "mean": 0.000043612010756525304,
        "rme": 0.7057496207446375
      },
      "slowest": {
        "name": "micromatch: 1000 paths, *.js",
        "hz": 1743.8719257357563,
        "mean": 0.0005734366069217442,
        "rme": 1.5023154289839626
      },
      "speedup": 13.148593632224252
    }
  },
  "complex_patterns": {
    "**/{test,spec,__tests__}/**/*.{js,ts,jsx,tsx}": {
      "fastest": {
        "name": "picomatch: **/{test,spec,__tests__}/**/*.{js,ts,jsx,tsx}",
        "hz": 2699.9792167427463,
        "mean": 0.0003703732213192365,
        "rme": 1.4818730377305653
      },
      "slowest": {
        "name": "micromatch: **/{test,spec,__tests__}/**/*.{js,ts,jsx,tsx}",
        "hz": 59.94092422618734,
        "mean": 0.016683092776923085,
        "rme": 4.725216089515893
      },
      "speedup": 45.04400376868336
    },
    "src/**/test/**/*.{spec,test}.{js,ts}": {
      "fastest": {
        "name": "picomatch: src/**/test/**/*.{spec,test}.{js,ts}",
        "hz": 3194.6807199301584,
        "mean": 0.00031302032586901575,
        "rme": 1.622839412162667
      },
      "slowest": {
        "name": "micromatch: src/**/test/**/*.{spec,test}.{js,ts}",
        "hz": 79.25037866121036,
        "mean": 0.012618236239285716,
        "rme": 4.9507168930852075
      },
      "speedup": 40.311236033170104
    },
    "**/node_modules/**/*.js": {
      "fastest": {
        "name": "picomatch: **/node_modules/**/*.js",
        "hz": 3829.946283253696,
        "mean": 0.00026110026774330084,
        "rme": 1.2242361300633007
      },
      "slowest": {
        "name": "micromatch: **/node_modules/**/*.js",
        "hz": 113.4173555786462,
        "mean": 0.008816992733590734,
        "rme": 3.388929271676661
      },
      "speedup": 33.76860854949068
    }
  },
  "memory_usage": {
    "micromatch": {
      "heapUsed": -17289032,
      "heapTotal": 262144,
      "rss": 0
    },
    "picomatch": {
      "heapUsed": -11724352,
      "heapTotal": 0,
      "rss": 0
    }
  }
}