{
  "basic_patterns": {
    "[a-z]*.txt": {
      "fastest": {
        "name": "picomatch: [a-z]*.txt",
        "hz": 322372.3350254186,
        "mean": 0.0000031020031539652788,
        "rme": 2.6341694115264773
      },
      "slowest": {
        "name": "micromatch: [a-z]*.txt",
        "hz": 77412.2065774344,
        "mean": 0.000012917859394690079,
        "rme": 6.184013913483093
      },
      "speedup": 4.164360496596282
    },
    "test[0-9].js": {
      "fastest": {
        "name": "picomatch: test[0-9].js",
        "hz": 351524.7795085164,
        "mean": 0.000002844749668567171,
        "rme": 2.680798107365861
      },
      "slowest": {
        "name": "micromatch: test[0-9].js",
        "hz": 76876.786144079,
        "mean": 0.000013007827852296598,
        "rme": 7.39939153604639
      },
      "speedup": 4.5725738176633
    },
    "*.js": {
      "fastest": {
        "name": "picomatch: *.js",
        "hz": 1093029.190445457,
        "mean": 9.148886495816792e-7,
        "rme": 2.866352961017699
      },
      "slowest": {
        "name": "micromatch: *.js",
        "hz": 254506.9916856957,
        "mean": 0.000003929165141502098,
        "rme": 6.744708846581656
      },
      "speedup": 4.294692193742548
    },
    "**/test/**/*.js": {
      "fastest": {
        "name": "picomatch: **/test/**/*.js",
        "hz": 234717.18983318633,
        "mean": 0.000004260446372550305,
        "rme": 2.6640092292192032
      },
      "slowest": {
        "name": "micromatch: **/test/**/*.js",
        "hz": 49892.780627354696,
        "mean": 0.00002004297991464782,
        "rme": 4.993923141877507
      },
      "speedup": 4.7044319214491335
    },
    "**/*.js": {
      "fastest": {
        "name": "picomatch: **/*.js",
        "hz": 945977.9222140019,
        "mean": 0.0000010571071232397928,
        "rme": 2.5810879038479624
      },
      "slowest": {
        "name": "micromatch: **/*.js",
        "hz": 265517.5577543519,
        "mean": 0.0000037662292786120276,
        "rme": 3.649454715811133
      },
      "speedup": 3.5627697475629447
    }
  },
  "large_dataset": {
    "100_paths_**/*.js": {
      "fastest": {
        "name": "picomatch: 100 paths, **/*.js",
        "hz": 128629.06474676997,
        "mean": 0.000007774292707240657,
        "rme": 0.5957104391961006
      },
      "slowest": {
        "name": "micromatch: 100 paths, **/*.js",
        "hz": 13538.45224967028,
        "mean": 0.0000738636870418001,
        "rme": 0.9437428738503575
      },
      "speedup": 9.501016982934859
    },
    "1000_paths_*.js": {
      "fastest": {
        "name": "picomatch: 1000 paths, *.js",
        "hz": 23674.9933927849,
        "mean": 0.00004223866015121069,
        "rme": 0.8219783418819127
      },
      "slowest": {
        "name": "micromatch: 1000 paths, *.js",
        "hz": 1855.825704818891,
        "mean": 0.0005388437057442253,
        "rme": 0.7683404046504491
      },
      "speedup": 12.757121173238266
    },
    "5000_paths_**/*.js": {
      "fastest": {
        "name": "picomatch: 5000 paths, **/*.js",
        "hz": 2156.7743264883893,
        "mean": 0.00046365537076295657,
        "rme": 0.5254362107036755
      },
      "slowest": {
        "name": "micromatch: 5000 paths, **/*.js",
        "hz": 264.36455964358663,
        "mean": 0.0037826552899079546,
        "rme": 1.7293355895232159
      },
      "speedup": 8.158333815228973
    },
    "100_paths_**/test/**/*.js": {
      "fastest": {
        "name": "picomatch: 100 paths, **/test/**/*.js",
        "hz": 125128.73971366632,
        "mean": 0.00000799176913543853,
        "rme": 0.7139168519576408
      },
      "slowest": {
        "name": "micromatch: 100 paths, **/test/**/*.js",
        "hz": 5166.742855339873,
        "mean": 0.0001935455330366386,
        "rme": 2.013128315328303
      },
      "speedup": 24.218108626084362
    },
    "5000_paths_*.js": {
      "fastest": {
        "name": "picomatch: 5000 paths, *.js",
        "hz": 4840.020758538251,
        "mean": 0.00020661068410417582,
        "rme": 0.7071819934777521
      },
      "slowest": {
        "name": "micromatch: 5000 paths, *.js",
        "hz": 370.50995685312324,
        "mean": 0.0026989827979074198,
        "rme": 0.6866747218211364
      },
      "speedup": 13.063132768809563
    },
    "5000_paths_**/test/**/*.js": {
      "fastest": {
        "name": "picomatch: 5000 paths, **/test/**/*.js",
        "hz": 2592.684281259703,
        "mean": 0.0003857006451684629,
        "rme": 0.5441780050192138
      },
      "slowest": {
        "name": "micromatch: 5000 paths, **/test/**/*.js",
        "hz": 103.64615852825014,
        "mean": 0.009648210934199136,
        "rme": 0.9795153472102502
      },
      "speedup": 25.01476483137609
    },
    "100_paths_*.js": {
      "fastest": {
        "name": "picomatch: 100 paths, *.js",
        "hz": 217584.183494372,
        "mean": 0.000004595922295178527,
        "rme": 0.6206237483418049
      },
      "slowest": {
        "name": "micromatch: 100 paths, *.js",
        "hz": 18716.939670027743,
        "mean": 0.000053427537708065806,
        "rme": 0.8095660616545214
      },
      "speedup": 11.62498716832427
    },
    "1000_paths_**/test/**/*.js": {
      "fastest": {
        "name": "picomatch: 1000 paths, **/test/**/*.js",
        "hz": 13659.414591137793,
        "mean": 0.0000732095796146929,
        "rme": 0.8889772680195098
      },
      "slowest": {
        "name": "micromatch: 1000 paths, **/test/**/*.js",
        "hz": 520.7468220166992,
        "mean": 0.0019203189682988255,
        "rme": 0.6582046105837778
      },
      "speedup": 26.230432935219653
    },
    "1000_paths_**/*.js": {
      "fastest": {
        "name": "picomatch: 1000 paths, **/*.js",
        "hz": 11628.613846508131,
        "mean": 0.00008599477230902137,
        "rme": 0.5493963344318871
      },
      "slowest": {
        "name": "micromatch: 1000 paths, **/*.js",
        "hz": 1344.2182334891766,
        "mean": 0.0007439268231054328,
        "rme": 0.5725153870462814
      },
      "speedup": 8.65083775595264
    }
  },
  "complex_patterns": {
    "**/node_modules/**/*.js": {
      "fastest": {
        "name": "picomatch: **/node_modules/**/*.js",
        "hz": 3416.129755871329,
        "mean": 0.0002927289276062457,
        "rme": 3.4289258932419444
      },
      "slowest": {
        "name": "micromatch: **/node_modules/**/*.js",
        "hz": 49.01121629308834,
        "mean": 0.020403492825396826,
        "rme": 3.6351553563620778
      },
      "speedup": 69.70097896454527
    },
    "**/{test,spec,__tests__}/**/*.{js,ts,jsx,tsx}": {
      "fastest": {
        "name": "picomatch: **/{test,spec,__tests__}/**/*.{js,ts,jsx,tsx}",
        "hz": 2654.9938814673833,
        "mean": 0.0003766487022739623,
        "rme": 3.2019616320368955
      },
      "slowest": {
        "name": "micromatch: **/{test,spec,__tests__}/**/*.{js,ts,jsx,tsx}",
        "hz": 24.724054890551486,
        "mean": 0.04044643989130435,
        "rme": 4.619857598386919
      },
      "speedup": 107.38505043855135
    },
    "src/**/test/**/*.{spec,test}.{js,ts}": {
      "fastest": {
        "name": "picomatch: src/**/test/**/*.{spec,test}.{js,ts}",
        "hz": 3062.346117888885,
        "mean": 0.00032654702032485416,
        "rme": 1.307718526012381
      },
      "slowest": {
        "name": "micromatch: src/**/test/**/*.{spec,test}.{js,ts}",
        "hz": 33.229902508002844,
        "mean": 0.030093377486111114,
        "rme": 4.611556442889046
      },
      "speedup": 92.15633771875714
    }
  },
  "memory_usage": {
    "micromatch": {
      "heapUsed": -18326256,
      "heapTotal": 262144,
      "rss": 0
    },
    "picomatch": {
      "heapUsed": -13838808,
      "heapTotal": 0,
      "rss": 0
    }
  }
}